{"GaussianNB()": {"accuracy": 0.473551637279597, "precision": 0.47304311117513365, "recall": 0.484041599146261, "f1": 0.47276469670168575}, "DecisionTreeClassifier(criterion='log_loss', max_features='log2')": {"accuracy": 0.4433249370277078, "precision": 0.44529500148695195, "recall": 0.4487910420131481, "f1": 0.4449634792028353}, "KNeighborsClassifier()": {"accuracy": 0.6020151133501259, "precision": 0.6143043272105058, "recall": 0.6083336468441645, "f1": 0.6079558175521893}, "RandomForestClassifier(criterion='log_loss', max_features='log2')": {"accuracy": 0.6599496221662469, "precision": 0.6691079812206573, "recall": 0.6665704853151047, "f1": 0.6650333633722101}, "GradientBoostingClassifier(max_features='log2')": {"accuracy": 0.6095717884130982, "precision": 0.6140721549165572, "recall": 0.6167782774012369, "f1": 0.6128770910936169}, "MLPClassifier(alpha=0.1)": {"accuracy": 0.5768261964735516, "precision": 0.6906644111013043, "recall": 0.579398277380825, "f1": 0.5409097182160659}}